Название товара,цена,ссылка на товар
Подвесной светильник Сансет Black,Подвесной светильник Сансет Black,
Торшер Билли Black,Торшер Билли Black,
Подвесной светильник Бабл-9,Подвесной светильник Бабл-9,
Торшер Бабл-1,Торшер Бабл-1,
Подвесной светильник Бабл-3,Подвесной светильник Бабл-3,
Бра Бабл Black,Бра Бабл Black,
Настольная лампа Дэнди Black,Настольная лампа Дэнди Black,
Настольная лампа Дэнди White,Настольная лампа Дэнди White,
Торшер Варио White,Торшер Варио White,
Бра Варио Black,Бра Варио Black,
Бра Варио White,Бра Варио White,
Подвесной светильник Сансет White,Подвесной светильник Сансет White,
Подвесной светильник Кэндел Black,Подвесной светильник Кэндел Black,
Подвесной светильник Кэндел White,Подвесной светильник Кэндел White,
Торшер Вена Black,Торшер Вена Black,
Настольная лампа Гровер Glass,Настольная лампа Гровер Glass,
Настольная лампа Рэй Black,Настольная лампа Рэй Black,
Торшер Рэй White,Торшер Рэй White,
Торшер Мун Black,Торшер Мун Black,
Торшер Варио Black,Торшер Варио Black,
Настольная лампа Раффи Round,Настольная лампа Раффи Round,
Торшер Гросс White,Торшер Гросс White,
Бра Moderli Alina,Бра Moderli Alina,
Подвесной светильник Маро Green,Подвесной светильник Маро Green,
Настольная лампа Машрум Grey,Настольная лампа Машрум Grey,
Настольная лампа Рэй White,Настольная лампа Рэй White,
Светильник потолочный Matthew,Светильник потолочный Matthew,
Спот Лайт-1 Black,Спот Лайт-1 Black,
Настольная лампа Junior-1,Настольная лампа Junior-1,
Настольная лампа Сфера Black,Настольная лампа Сфера Black,
Люстра Монти-3 White,Люстра Монти-3 White,
Бра Galdakao-1,Бра Galdakao-1,
Подвесной светильник Tureis,Подвесной светильник Tureis,
Люстра Монти-5 White,Люстра Монти-5 White,
Подвесной светильник Лиму-3 Black,Подвесной светильник Лиму-3 Black,
Торшер Билли White,Торшер Билли White,
Бра Cornus Silver,Бра Cornus Silver,
Спот Олден Brown,Спот Олден Brown,
Бра Куб White,Бра Куб White,
Подвесной светильник Volare,Подвесной светильник Volare,
Ландшафтный светильник Визор Black,Ландшафтный светильник Визор Black,
Бра Bolla-Unica,Бра Bolla-Unica,
Люстра Леон-5 Black,Люстра Леон-5 Black,
Настольная лампа Мист Black,Настольная лампа Мист Black,
Настольная лампа Palla Grey,Настольная лампа Palla Grey,
Люстра Нейва-4 Black,Люстра Нейва-4 Black,
Люстра Альби-6 Black,Люстра Альби-6 Black,
Бра Лима Black,Бра Лима Black,
